"AFILIACION","GRUPO","CADENA","RAZON SOCIAL","GIRO","DESC_GIRO","Tasa_cred_base","Tasa_deb_base","TASA DE DESCUENTO CRÉDITO PROPIA","Tasa_cred_ajena","TASA DE DESCUENTO DÉBITO PROPIA","Tasa_deb_ajena","Cuota_deb2","Ind_cuota","CI_cred","Cuota_deb_CI","CI_deb","Comp_CI_cred","Comp_CI_deb2"
70714,"000013","000002","ADM INTEGRAL DE ALIMENTOS SACV",5812,"Restaurantes",NA,0,"1.7",1.7,"0",0,1.24,"C",1.76,NA,1.15,"TD menor a CI","No aplica"
125609,"000005","000001","SEARS OPERADORA MEXICO SA CV",5969,"Otros",NA,0,"1.7",1.7,"0",0,1.24,"C",1.53,NA,1.15,"TD mayor a CI","No aplica"
143719,"000013","000002","ADM INTEGRAL DE ALIMENTOS SACV",5812,"Restaurantes",NA,0,"1.7",1.7,"0",0,1.24,"C",1.76,NA,1.15,"TD menor a CI","No aplica"
143727,"000013","000002","ADM INTEGRAL DE ALIMENTOS SACV",5812,"Restaurantes",NA,0,"1.7",1.7,"0",0,1.24,"C",1.76,NA,1.15,"TD menor a CI","No aplica"
143735,"000013","000002","ADM INTEGRAL DE ALIMENTOS SACV",5812,"Restaurantes",NA,0,"1.7",1.7,"0",0,1.24,"C",1.76,NA,1.15,"TD menor a CI","No aplica"
305441,"000668","000001","FOTO CONTINO DE VERACRUZ SA CV",5946,"Ventas al detalle (Retail)",NA,NA,"2.38",2.38,"1.75",1.75,0,"C",1.53,NA,1.15,"TD mayor a CI","No aplica"
314369,"000003","000004","RESTAURANTES TOKS SA CV",5812,"Restaurantes",NA,0,"1.8",1.8,"0",0,1.2,"C",1.76,NA,1.15,"TD mayor a CI","No aplica"
579458,"000003","000004","RESTAURANTES TOKS SA CV",5812,"Restaurantes",NA,0,"1.8",1.8,"0",0,1.2,"C",1.76,NA,1.15,"TD mayor a CI","No aplica"
683656,"000003","000004","RESTAURANTES TOKS SA CV",5812,"Restaurantes",NA,0,"1.8",1.8,"0",0,1.2,"C",1.76,NA,1.15,"TD mayor a CI","No aplica"
844001,"000003","000004","REST TOKS SA CV",5812,"Restaurantes",NA,0,"1.8",1.8,"0",0,1.2,"C",1.76,NA,1.15,"TD mayor a CI","No aplica"
869552,"000003","000004","REST TOKS SA CV",5812,"Restaurantes",NA,0,"1.8",1.8,"0",0,1.2,"C",1.76,NA,1.15,"TD mayor a CI","No aplica"
896639,"000003","000004","RESTAURANTES TOKS SA CV",5812,"Restaurantes",NA,0,"1.8",1.8,"0",0,1.2,"C",1.76,NA,1.15,"TD mayor a CI","No aplica"
896662,"000003","000004","RESTAURANTES TOKS SA CV",5812,"Restaurantes",NA,0,"1.8",1.8,"0",0,1.2,"C",1.76,NA,1.15,"TD mayor a CI","No aplica"
896704,"000003","000004","RESTAURANTES TOKS SA CV",5812,"Restaurantes",NA,0,"1.8",1.8,"0",0,1.2,"C",1.76,NA,1.15,"TD mayor a CI","No aplica"
896829,"000003","000004","RESTAURANTES TOKS SA CV",5812,"Restaurantes",NA,0,"1.8",1.8,"0",0,1.2,"C",1.76,NA,1.15,"TD mayor a CI","No aplica"
897017,"000003","000004","RESTAURANTES TOKS SA CV",5812,"Restaurantes",NA,0,"1.8",1.8,"0",0,1.2,"C",1.76,NA,1.15,"TD mayor a CI","No aplica"
905067,"000003","000004","RESTAURANTES TOKS SA CV",5812,"Restaurantes",NA,0,"1.8",1.8,"0",0,1.2,"C",1.76,NA,1.15,"TD mayor a CI","No aplica"
905158,"000003","000004","RESTAURANTES TOKS SA CV",5812,"Restaurantes",NA,0,"1.8",1.8,"0",0,1.2,"C",1.76,NA,1.15,"TD mayor a CI","No aplica"
936278,"000003","000004","REST TOKS SACV",5812,"Restaurantes",NA,0,"1.8",1.8,"0",0,1.2,"C",1.76,NA,1.15,"TD mayor a CI","No aplica"
940882,"000003","000004","RESTAURANTES TOKS SA CV",5812,"Restaurantes",NA,0,"1.8",1.8,"0",0,1.2,"C",1.76,NA,1.15,"TD mayor a CI","No aplica"
943027,"000003","000004","REST TOKS SA CV",5812,"Restaurantes",NA,0,"1.8",1.8,"0",0,1.2,"C",1.76,NA,1.15,"TD mayor a CI","No aplica"
975797,"000003","000004","RESTAURANTES TOKS SA CV",5812,"Restaurantes",NA,0,"1.8",1.8,"0",0,1.2,"C",1.76,NA,1.15,"TD mayor a CI","No aplica"
992826,"000013","000002","ADM INTEGRAL DE ALIMENTOS SACV",5812,"Restaurantes",NA,0,"1.7",1.7,"0",0,1.24,"C",1.76,NA,1.15,"TD menor a CI","No aplica"
992842,"000013","000002","ADM INTEGRAL DE ALIMENTOS SACV",5812,"Restaurantes",NA,0,"1.7",1.7,"0",0,1.24,"C",1.76,NA,1.15,"TD menor a CI","No aplica"
994772,"001800","000001","MYLSA SA CV",5533,"Refacciones y ferreterías",NA,NA,"2.38",2.38,"1.45",1.45,0,"C",0,NA,1.15,"TD mayor a CI","No aplica"
1008385,"016043","000001","CORPOR ALIMENT MEXICALI SA CV",5814,"Comida Rápida",NA,NA,"1.85",1.85,"1.1499999999999999",1.15,0,"C",1.17,NA,0.75,"TD mayor a CI","No aplica"
1159839,"000003","000004","RESTAURANTES TOKS SA CV",5812,"Restaurantes",NA,0,"1.8",1.8,"0",0,1.2,"C",1.76,NA,1.15,"TD mayor a CI","No aplica"
1198084,"@","@","DISTRIBUIDORA METALUM SACV",5211,"Ventas al detalle (Retail)",2.38,1.75,"0",0,"0",0,0,"C",1.53,NA,1.15,"TD mayor a CI","No aplica"
1207901,"000003","000004","RESTAURANTES TOKS SA CV",5812,"Restaurantes",NA,0,"1.8",1.8,"0",0,1.2,"C",1.76,NA,1.15,"TD mayor a CI","No aplica"
1286442,"000003","000004","RESTAURANTES TOKS SA CV",5812,"Restaurantes",NA,0,"1.8",1.8,"0",0,1.2,"C",1.76,NA,1.15,"TD mayor a CI","No aplica"
1313600,"000013","000002","ADMON INTEGRAL ALIMENTOS SA CV",5812,"Restaurantes",NA,0,"1.7",1.7,"0",0,1.24,"C",1.76,NA,1.15,"TD menor a CI","No aplica"
1313618,"000013","000002","ADM INTEGRAL DE ALIMENTOS SACV",5812,"Restaurantes",NA,0,"1.7",1.7,"0",0,1.24,"C",1.76,NA,1.15,"TD menor a CI","No aplica"
1350404,"000003","000004","RESTAURANTES TOKS SA CV",5812,"Restaurantes",NA,0,"1.8",1.8,"0",0,1.2,"C",1.76,NA,1.15,"TD mayor a CI","No aplica"
1358811,"000003","000004","RESTAURANTES TOKS SA CV",5812,"Restaurantes",NA,0,"1.8",1.8,"0",0,1.2,"C",1.76,NA,1.15,"TD mayor a CI","No aplica"
1385772,"000013","000002","ADM INTEGRAL DE ALIMENTOS SACV",5812,"Restaurantes",NA,0,"1.7",1.7,"0",0,1.24,"C",1.76,NA,1.15,"TD menor a CI","No aplica"
1435650,"000013","000002","ADM INTEGRAL DE ALIMENTOS SACV",5812,"Restaurantes",NA,0,"1.7",1.7,"0",0,1.24,"C",1.76,NA,1.15,"TD menor a CI","No aplica"
1435791,"000003","000004","RESTAURANTES TOKS SA CV",5812,"Restaurantes",NA,0,"1.8",1.8,"0",0,1.2,"C",1.76,NA,1.15,"TD mayor a CI","No aplica"
1460567,"000003","000004","RESTAURANTES TOKS SA CV",5812,"Restaurantes",NA,0,"1.8",1.8,"0",0,1.2,"C",1.76,NA,1.15,"TD mayor a CI","No aplica"
1460575,"000003","000004","RESTAURANTES TOKS SA CV",5812,"Restaurantes",NA,0,"1.8",1.8,"0",0,1.2,"C",1.76,NA,1.15,"TD mayor a CI","No aplica"
1460781,"004471","000001","MICROSIST CALIFORNIANOS SACV",5045,"Ventas al detalle (Retail)",NA,NA,"2.38",2.38,"1.75",1.75,0,"C",1.53,NA,1.15,"TD mayor a CI","No aplica"
1468289,"000013","000002","ADM INTEGRAL DE ALIMENTOS SACV",5812,"Restaurantes",NA,0,"1.7",1.7,"0",0,1.24,"C",1.76,NA,1.15,"TD menor a CI","No aplica"
1468297,"000013","000002","ADM INTEGRAL DE ALIMENTOS SACV",5812,"Restaurantes",NA,0,"1.7",1.7,"0",0,1.24,"C",1.76,NA,1.15,"TD menor a CI","No aplica"
1468305,"000013","000002","ADM INTEGRAL DE ALIMENTOS SACV",5812,"Restaurantes",NA,0,"1.7",1.7,"0",0,1.24,"C",1.76,NA,1.15,"TD menor a CI","No aplica"
1498385,"000003","000004","RESTAURANTES TOKS SA CV",5812,"Restaurantes",NA,0,"1.8",1.8,"0",0,1.2,"C",1.76,NA,1.15,"TD mayor a CI","No aplica"
1499086,"000003","000004","RESTAURANTES TOKS SA CV",5812,"Restaurantes",NA,0,"1.8",1.8,"0",0,1.2,"C",1.76,NA,1.15,"TD mayor a CI","No aplica"
1499094,"000003","000004","RESTAURANTES TOKS SA CV",5812,"Restaurantes",NA,0,"1.8",1.8,"0",0,1.2,"C",1.76,NA,1.15,"TD mayor a CI","No aplica"
1602861,"000003","000004","RESTAURANTES TOKS SA CV",5812,"Restaurantes",NA,0,"1.8",1.8,"0",0,1.2,"C",1.76,NA,1.15,"TD mayor a CI","No aplica"
1602879,"000003","000004","RESTAURANTES TOKS SA CV",5812,"Restaurantes",NA,0,"1.8",1.8,"0",0,1.2,"C",1.76,NA,1.15,"TD mayor a CI","No aplica"
1615111,"000003","000004","REST TOKS SA CV",5812,"Restaurantes",NA,0,"1.8",1.8,"0",0,1.2,"C",1.76,NA,1.15,"TD mayor a CI","No aplica"
1659143,"000003","000004","RESTAURANTES TOKS SA CV",5812,"Restaurantes",NA,0,"1.8",1.8,"0",0,1.2,"C",1.76,NA,1.15,"TD mayor a CI","No aplica"
1659168,"000003","000004","RESTAURANTES TOKS SA CV",5812,"Restaurantes",NA,0,"1.8",1.8,"0",0,1.2,"C",1.76,NA,1.15,"TD mayor a CI","No aplica"
1794429,"000003","000004","REST TOKS SA CV",5812,"Restaurantes",NA,0,"1.8",1.8,"0",0,1.2,"C",1.76,NA,1.15,"TD mayor a CI","No aplica"
1832492,"000013","000002","ADM INTEGRAL DE ALIMENTOS SACV",5812,"Restaurantes",NA,0,"1.7",1.7,"0",0,1.24,"C",1.76,NA,1.15,"TD menor a CI","No aplica"
1845213,"000003","000004","RESTAURANTES TOKS SA CV",5812,"Restaurantes",NA,0,"1.8",1.8,"0",0,1.2,"C",1.76,NA,1.15,"TD mayor a CI","No aplica"
1856327,"003044","000001","AUTOS DE CALIDAD DE ZAC SA CV",5511,"Ventas al detalle (Retail)",NA,NA,"2.38",2.38,"1.75",1.75,0,"C",1.53,NA,1.15,"TD mayor a CI","No aplica"
1858786,"000003","000004","RESTAURANTES TOKS SA CV",5812,"Restaurantes",NA,0,"1.8",1.8,"0",0,1.2,"C",1.76,NA,1.15,"TD mayor a CI","No aplica"
1859347,"000003","000004","RESTAURANTES TOKS SA CV",5812,"Restaurantes",NA,0,"1.8",1.8,"0",0,1.2,"C",1.76,NA,1.15,"TD mayor a CI","No aplica"
1873496,"000003","000004","RESTAURANTES TOKS SA CV",5812,"Restaurantes",NA,0,"1.8",1.8,"0",0,1.2,"C",1.76,NA,1.15,"TD mayor a CI","No aplica"
1875772,"000003","000004","RESTAURANTES TOKS SA CV",5812,"Restaurantes",NA,0,"1.8",1.8,"0",0,1.2,"C",1.76,NA,1.15,"TD mayor a CI","No aplica"
1879642,"000003","000004","RESTAURANTES TOKS SA CV",5812,"Restaurantes",NA,0,"1.8",1.8,"0",0,1.2,"C",1.76,NA,1.15,"TD mayor a CI","No aplica"
1888098,"000003","000004","RESTAURANTES TOKS SA CV",5812,"Restaurantes",NA,0,"1.8",1.8,"0",0,1.2,"C",1.76,NA,1.15,"TD mayor a CI","No aplica"
1889419,"000003","000004","REST TOKS SA CV",5812,"Restaurantes",NA,0,"1.8",1.8,"0",0,1.2,"C",1.76,NA,1.15,"TD mayor a CI","No aplica"
1893148,"000003","000004","REST TOKS SA CV",5812,"Restaurantes",NA,0,"1.8",1.8,"0",0,1.2,"C",1.76,NA,1.15,"TD mayor a CI","No aplica"
1896372,"000013","000002","ADM INTEGRAL DE ALIMENTOS SACV",5812,"Restaurantes",NA,0,"1.7",1.7,"0",0,1.24,"C",1.76,NA,1.15,"TD menor a CI","No aplica"
1900125,"000013","000002","ADM INTEGRAL DE ALIMENTOS SACV",5812,"Restaurantes",NA,0,"1.7",1.7,"0",0,1.24,"C",1.76,NA,1.15,"TD menor a CI","No aplica"
1902006,"000003","000004","RESTAURANTES TOKS SA CV",5812,"Restaurantes",NA,0,"1.8",1.8,"0",0,1.2,"C",1.76,NA,1.15,"TD mayor a CI","No aplica"
1905306,"000003","000004","REST TOKS SA CV",5812,"Restaurantes",NA,0,"1.8",1.8,"0",0,1.2,"C",1.76,NA,1.15,"TD mayor a CI","No aplica"
1913946,"000003","000004","RESTAURANTES TOKS SA CV",5812,"Restaurantes",NA,0,"1.8",1.8,"0",0,1.2,"C",1.76,NA,1.15,"TD mayor a CI","No aplica"
1913961,"000003","000004","RESTAURANTES TOKS SA CV",5812,"Restaurantes",NA,0,"1.8",1.8,"0",0,1.2,"C",1.76,NA,1.15,"TD mayor a CI","No aplica"
1922095,"000003","000004","RESTAURANTES TOKS SA CV",5812,"Restaurantes",NA,0,"1.8",1.8,"0",0,1.2,"C",1.76,NA,1.15,"TD mayor a CI","No aplica"
1933779,"000003","000004","RESTAURANTES TOKS SA CV",5812,"Restaurantes",NA,0,"1.8",1.8,"0",0,1.8,"C",1.76,NA,1.15,"TD mayor a CI","No aplica"
1933787,"000003","000004","RESTAURANTES TOKS SA CV",5812,"Restaurantes",NA,0,"1.8",1.8,"0",0,1.2,"C",1.76,NA,1.15,"TD mayor a CI","No aplica"
1934892,"000003","000004","RESTAURANTES TOKS SA CV",5812,"Restaurantes",NA,0,"1.8",1.8,"0",0,1.2,"C",1.76,NA,1.15,"TD mayor a CI","No aplica"
1945807,"000003","000004","RESTAURANTES TOKS SA CV",5812,"Restaurantes",NA,0,"1.8",1.8,"0",0,1.2,"C",1.76,NA,1.15,"TD mayor a CI","No aplica"
1959063,"000003","000004","RESTAURANTES TOKS SA CV",5812,"Restaurantes",NA,0,"1.8",1.8,"0",0,1.2,"C",1.76,NA,1.15,"TD mayor a CI","No aplica"
2026755,"000003","000004","RESTAURANTES TOKS SA CV",5812,"Restaurantes",NA,0,"1.8",1.8,"0",0,1.2,"C",1.76,NA,1.15,"TD mayor a CI","No aplica"
2032480,"003069","000001","TECNICENTRO ROYAL SA CV",5532,"Ventas al detalle (Retail)",NA,NA,"1.95",1.95,"1.4",1.4,0,"C",1.53,NA,1.15,"TD mayor a CI","No aplica"
2035178,"000013","000002","ADM INTEGRAL DE ALIMENTOS SACV",5812,"Restaurantes",NA,0,"1.7",1.7,"0",0,1.24,"C",1.76,NA,1.15,"TD menor a CI","No aplica"
2035210,"000013","000002","ADM INTEGRAL DE ALIMENTOS SACV",5812,"Restaurantes",NA,0,"1.7",1.7,"0",0,1.24,"C",1.76,NA,1.15,"TD menor a CI","No aplica"
2055069,"000003","000004","RESTAURANTES TOKS SA CV",5812,"Restaurantes",NA,0,"1.8",1.8,"0",0,1.2,"C",1.76,NA,1.15,"TD mayor a CI","No aplica"
2060176,"002833","000001","HERR SERVS DE OBREGON SA CV",5251,"Refacciones y ferreterías",NA,NA,"2.38",2.38,"1.75",1.75,0,"C",0,NA,1.15,"TD mayor a CI","No aplica"
2079242,"000003","000004","RESTAURANTES TOKS SA CV",5812,"Restaurantes",NA,0,"1.8",1.8,"0",0,1.2,"C",1.76,NA,1.15,"TD mayor a CI","No aplica"
2084481,"000003","000004","RESTAURANTES TOKS SA CV",5812,"Restaurantes",NA,0,"1.8",1.8,"0",0,1.2,"C",1.76,NA,1.15,"TD mayor a CI","No aplica"
2091627,"000003","000004","RESTAURANTES TOKS SA CV",5812,"Restaurantes",NA,0,"1.8",1.8,"0",0,1.2,"C",1.76,NA,1.15,"TD mayor a CI","No aplica"
2101145,"000003","000004","RESTAURANTES TOKS SA CV",5812,"Restaurantes",NA,0,"1.8",1.8,"0",0,1.2,"C",1.76,NA,1.15,"TD mayor a CI","No aplica"
2113272,"000003","000004","RESTAURANTES TOKS SA CV",5812,"Restaurantes",NA,0,"1.8",1.8,"0",0,1.2,"C",1.76,NA,1.15,"TD mayor a CI","No aplica"
2129294,"000003","000004","RESTAURANTES TOKS SA CV",5812,"Restaurantes",NA,0,"1.8",1.8,"0",0,1.2,"C",1.76,NA,1.15,"TD mayor a CI","No aplica"
2165009,"000003","000004","RESTAURANTES TOKS SA CV",5812,"Restaurantes",NA,0,"1.8",1.8,"0",0,1.2,"C",1.76,NA,1.15,"TD mayor a CI","No aplica"
2171072,"000003","000004","RESTAURANTES TOKS SA CV",5812,"Restaurantes",NA,0,"1.8",1.8,"0",0,1.2,"C",1.76,NA,1.15,"TD mayor a CI","No aplica"
2171825,"000003","000004","RESTAURANTES TOKS SA CV",5812,"Restaurantes",NA,0,"1.8",1.8,"0",0,1.2,"C",1.76,NA,1.15,"TD mayor a CI","No aplica"
2173250,"000003","000004","REST TOKS SA CV",5812,"Restaurantes",NA,0,"1.8",1.8,"0",0,1.2,"C",1.76,NA,1.15,"TD mayor a CI","No aplica"
2203115,"000003","000004","RESTAURANTES TOKS SA CV",5812,"Restaurantes",NA,0,"1.8",1.8,"0",0,1.2,"C",1.76,NA,1.15,"TD mayor a CI","No aplica"
2236040,"000013","000002","ADM INTEGRAL DE ALIMENTOS SACV",5812,"Restaurantes",NA,0,"1.7",1.7,"0",0,1.24,"C",1.76,NA,1.15,"TD menor a CI","No aplica"
2237824,"003069","000001","TECNICENTRO ROYAL SACV",5532,"Ventas al detalle (Retail)",NA,NA,"1.95",1.95,"1.4",1.4,0,"C",1.53,NA,1.15,"TD mayor a CI","No aplica"
2248730,"003883","000001","FARM SAN FCO DE ASIS SA CV",5912,"Farmacias",NA,NA,"2.23",2.23,"1.6",1.6,0,"C",1.28,NA,1,"TD mayor a CI","No aplica"
2248748,"003883","000001","FARM SAN FCO DE ASIS SA CV",5912,"Farmacias",NA,NA,"2.23",2.23,"1.6",1.6,0,"C",1.28,NA,1,"TD mayor a CI","No aplica"
2248789,"003883","000001","FARM SAN FCO DE ASIS SA CV",5912,"Farmacias",NA,NA,"2.23",2.23,"1.6",1.6,0,"C",1.28,NA,1,"TD mayor a CI","No aplica"
2248797,"003883","000001","FARM SAN FCO DE ASIS SA CV",5912,"Farmacias",NA,NA,"2.23",2.23,"1.6",1.6,0,"C",1.28,NA,1,"TD mayor a CI","No aplica"
2248805,"003883","000001","FARM SAN FCO DE ASIS SA CV",5912,"Farmacias",NA,NA,"2.23",2.23,"1.6",1.6,0,"C",1.28,NA,1,"TD mayor a CI","No aplica"
2248920,"003883","000001","FARM SAN FCO DE ASIS SA CV",5912,"Farmacias",NA,NA,"2.23",2.23,"1.6",1.6,0,"C",1.28,NA,1,"TD mayor a CI","No aplica"
2248946,"003883","000001","FARM SAN FCO DE ASIS SA CV",5912,"Farmacias",NA,NA,"2.23",2.23,"1.6",1.6,0,"C",1.28,NA,1,"TD mayor a CI","No aplica"
2248953,"003883","000001","FARM SAN FCO DE ASIS SA CV",5912,"Farmacias",NA,NA,"2.23",2.23,"1.6",1.6,0,"C",1.28,NA,1,"TD mayor a CI","No aplica"
2248987,"003883","000001","FARM SAN FCO DE ASIS SA CV",5912,"Farmacias",NA,NA,"2.23",2.23,"1.6",1.6,0,"C",1.28,NA,1,"TD mayor a CI","No aplica"
2279180,"003883","000001","FARM SAN FCO DE ASIS SA CV",5912,"Farmacias",NA,NA,"2.23",2.23,"1.6",1.6,0,"C",1.28,NA,1,"TD mayor a CI","No aplica"
2279206,"003883","000001","FARM SAN FCO DE ASIS SA CV",5912,"Farmacias",NA,NA,"2.23",2.23,"1.6",1.6,0,"C",1.28,NA,1,"TD mayor a CI","No aplica"
2279214,"003883","000001","FARM SAN FCO DE ASIS SA CV",5912,"Farmacias",NA,NA,"2.23",2.23,"1.6",1.6,0,"C",1.28,NA,1,"TD mayor a CI","No aplica"
2279255,"003883","000001","FARM SAN FCO DE ASIS SACV",5912,"Farmacias",NA,NA,"2.23",2.23,"1.6",1.6,0,"C",1.28,NA,1,"TD mayor a CI","No aplica"
2279297,"003883","000001","FARM SN FRANCISCO ASIS SA CV",5912,"Farmacias",NA,NA,"2.23",2.23,"1.6",1.6,0,"C",1.28,NA,1,"TD mayor a CI","No aplica"
2280576,"003883","000001","FARM SAN FCO DE ASIS SA CV",5912,"Farmacias",NA,NA,"2.23",2.23,"1.6",1.6,0,"C",1.28,NA,1,"TD mayor a CI","No aplica"
2287480,"000057","000005","FARMACIAS BENAVIDES SA CV",5912,"Farmacias",NA,NA,"1.87",1.87,"1.39",1.39,0,"C",1.28,NA,1,"TD mayor a CI","No aplica"
2287498,"000057","000005","FARMACIAS BENAVIDES SA CV",5912,"Farmacias",NA,NA,"1.87",1.87,"1.39",1.39,0,"C",1.28,NA,1,"TD mayor a CI","No aplica"
2287506,"000057","000005","FARMACIAS BENAVIDES SA CV",5912,"Farmacias",NA,NA,"1.87",1.87,"1.39",1.39,0,"C",1.28,NA,1,"TD mayor a CI","No aplica"
2287514,"000057","000005","FARMACIAS BENAVIDES SA CV",5912,"Farmacias",NA,NA,"1.87",1.87,"1.39",1.39,0,"C",1.28,NA,1,"TD mayor a CI","No aplica"
2287522,"000057","000005","FARMACIAS BENAVIDES SA CV",5912,"Farmacias",NA,NA,"1.87",1.87,"1.39",1.39,0,"C",1.28,NA,1,"TD mayor a CI","No aplica"
2311587,"000003","000004","RESTAURANTES TOKS SA CV",5812,"Restaurantes",NA,0,"1.8",1.8,"0",0,1.2,"C",1.76,NA,1.15,"TD mayor a CI","No aplica"
2335776,"000003","000004","RESTAURANTES TOKS SA CV",5812,"Restaurantes",NA,0,"1.8",1.8,"0",0,1.2,"C",1.76,NA,1.15,"TD mayor a CI","No aplica"
2392892,"000003","000004","RESTAURANTES TOKS SA CV",5812,"Restaurantes",NA,0,"1.8",1.8,"0",0,1.2,"C",1.76,NA,1.15,"TD mayor a CI","No aplica"
3197738,"004471","000001","MICROSIST CALIF SA CV",5045,"Ventas al detalle (Retail)",NA,NA,"2.38",2.38,"1.75",1.75,0,"C",1.53,NA,1.15,"TD mayor a CI","No aplica"
3586690,"000003","000004","RESTAURANTES TOKS SA CV",5812,"Restaurantes",NA,0,"1.8",1.8,"0",0,1.2,"C",1.76,NA,1.15,"TD mayor a CI","No aplica"
3732286,"003069","000001","TECNICENTRO ROYAL SA CV",5532,"Ventas al detalle (Retail)",NA,NA,"1.95",1.95,"1.4",1.4,0,"C",1.53,NA,1.15,"TD mayor a CI","No aplica"
3764008,"000003","000004","RESTAURANTES TOKS SA CV",5812,"Restaurantes",NA,0,"1.8",1.8,"0",0,1.2,"C",1.76,NA,1.15,"TD mayor a CI","No aplica"
4000092,"007140","000002","HOME DEPOT MEXICO SRL CV",5969,"Otros",NA,0,"1.82",1.82,"0",0,1.67,"C",1.53,NA,1.15,"TD mayor a CI","No aplica"
4002447,"000003","000004","RESTAURANTES TOKS SA CV",5812,"Restaurantes",NA,0,"1.8",1.8,"0",0,1.2,"C",1.76,NA,1.15,"TD mayor a CI","No aplica"
4002944,"000003","000004","RESTAURANTES TOKS SA CV",5812,"Restaurantes",NA,0,"1.8",1.8,"0",0,1.2,"C",1.76,NA,1.15,"TD mayor a CI","No aplica"
4002952,"000003","000004","RESTAURANTES TOKS SA CV",5812,"Restaurantes",NA,0,"1.8",1.8,"0",0,1.2,"C",1.76,NA,1.15,"TD mayor a CI","No aplica"
4004504,"000003","000004","RESTAURANTES TOKS SA CV",5812,"Restaurantes",NA,0,"1.8",1.8,"0",0,1.2,"C",1.76,NA,1.15,"TD mayor a CI","No aplica"
4005246,"000003","000004","RESTAURANTES TOKS SA CV",5812,"Restaurantes",NA,0,"1.8",1.8,"0",0,1.2,"C",1.76,NA,1.15,"TD mayor a CI","No aplica"
4019412,"000003","000004","RESTAURANTES TOKS SA CV",5812,"Restaurantes",NA,0,"1.8",1.8,"0",0,1.2,"C",1.76,NA,1.15,"TD mayor a CI","No aplica"
4025391,"000003","000004","REST TOKS SA CV",5812,"Restaurantes",NA,0,"1.8",1.8,"0",0,1.2,"C",1.76,NA,1.15,"TD mayor a CI","No aplica"
4029663,"000003","000004","RESTAURANTES TOKS SA CV",5812,"Restaurantes",NA,0,"1.8",1.8,"0",0,1.2,"C",1.76,NA,1.15,"TD mayor a CI","No aplica"
4031778,"000003","000004","RESTAURANTES TOKS SA CV",5812,"Restaurantes",NA,0,"1.8",1.8,"0",0,1.2,"C",1.76,NA,1.15,"TD mayor a CI","No aplica"
4033717,"000003","000004","RESTAURANTES TOKS SA CV",5812,"Restaurantes",NA,0,"1.8",1.8,"0",0,1.2,"C",1.76,NA,1.15,"TD mayor a CI","No aplica"
4037289,"003069","000001","TECNICENTRO ROYAL SA CV",5532,"Ventas al detalle (Retail)",NA,NA,"1.95",1.95,"1.4",1.4,0,"C",1.53,NA,1.15,"TD mayor a CI","No aplica"
4041018,"004168","000001","FIERRO Y LAMINA DE LOS M SA CV",5251,"Refacciones y ferreterías",NA,NA,"2.38",2.38,"1.75",1.75,0,"C",0,NA,1.15,"TD mayor a CI","No aplica"
4044570,"000004","000001","DISTRIBUIDORA LIVERPOOL SA CV",5969,"Otros",NA,0,"1.75",1.75,"0",0,1.24,"C",1.53,NA,1.15,"TD mayor a CI","No aplica"
4044572,"000004","000001","DISTRIBUIDORA LIVERPOOL SA CV",5969,"Otros",NA,0,"1.75",1.75,"0",0,1.24,"C",1.53,NA,1.15,"TD mayor a CI","No aplica"
4044576,"000004","000001","DISTRIBUIDORA LIVERPOOL SA CV",5969,"Otros",NA,0,"1.75",1.75,"0",0,1.24,"C",1.53,NA,1.15,"TD mayor a CI","No aplica"
4044579,"000004","000001","DISTRIBUIDORA LIVERPOOL SA CV",5969,"Otros",NA,0,"1.75",1.75,"0",0,1.24,"C",1.53,NA,1.15,"TD mayor a CI","No aplica"
4044583,"000004","000001","DISTRIBUIDORA LIVERPOOL SA CV",5969,"Otros",NA,0,"1.75",1.75,"0",0,1.24,"C",1.53,NA,1.15,"TD mayor a CI","No aplica"
4056438,"000003","000004","RESTAURANTES TOKS SA CV",5812,"Restaurantes",NA,0,"1.8",1.8,"0",0,1.2,"C",1.76,NA,1.15,"TD mayor a CI","No aplica"
4059425,"000003","000004","RESTAURANTES TOKS SA CV",5812,"Restaurantes",NA,0,"1.8",1.8,"0",0,1.2,"C",1.76,NA,1.15,"TD mayor a CI","No aplica"
4059427,"000003","000004","RESTAURANTES TOKS SA CV",5812,"Restaurantes",NA,0,"1.8",1.8,"0",0,1.2,"C",1.76,NA,1.15,"TD mayor a CI","No aplica"
4067013,"000003","000004","RESTAURANTES TOKS SA CV",5812,"Restaurantes",NA,0,"1.8",1.8,"0",0,1.2,"C",1.76,NA,1.15,"TD mayor a CI","No aplica"
4069677,"000003","000004","RESTAURANTES TOKS SA CV",5812,"Restaurantes",NA,0,"1.8",1.8,"0",0,1.2,"C",1.76,NA,1.15,"TD mayor a CI","No aplica"
4070700,"000003","000004","RESTAURANTES TOKS SA CV",5812,"Restaurantes",NA,0,"1.8",1.8,"0",0,1.2,"C",1.76,NA,1.15,"TD mayor a CI","No aplica"
4083719,"000003","000004","RESTAURANTES TOKS SA CV",5812,"Restaurantes",NA,0,"1.8",1.8,"0",0,1.2,"C",1.76,NA,1.15,"TD mayor a CI","No aplica"
4086818,"000003","000004","RESTAURANTES TOKS SA CV",5812,"Restaurantes",NA,0,"1.8",1.8,"0",0,1.2,"C",1.76,NA,1.15,"TD mayor a CI","No aplica"
4096922,"000003","000004","RESTAURANTES TOKS SA CV",5812,"Restaurantes",NA,0,"1.8",1.8,"0",0,1.2,"C",1.76,NA,1.15,"TD mayor a CI","No aplica"
4097552,"000003","000004","RESTAURANTES TOKS SA CV",5812,"Restaurantes",NA,0,"1.8",1.8,"0",0,1.2,"C",1.76,NA,1.15,"TD mayor a CI","No aplica"
4098224,"@","@","NAC DE SERVICIOS DARGUE SA CV",5169,"Ventas al detalle (Retail)",2.38,1.55,"0",0,"0",0,0,"C",1.53,NA,1.15,"TD mayor a CI","No aplica"
4100692,"000003","000004","RESTAURANTES TOKS SA CV",5812,"Restaurantes",NA,0,"1.8",1.8,"0",0,1.2,"C",1.76,NA,1.15,"TD mayor a CI","No aplica"
4112425,"000003","000004","RESTAURANTES TOKS SA CV",5812,"Restaurantes",NA,0,"1.8",1.8,"0",0,1.2,"C",1.76,NA,1.15,"TD mayor a CI","No aplica"
4112662,"000003","000004","RESTAURANTES TOKS SA CV",5812,"Restaurantes",NA,0,"1.8",1.8,"0",0,1.2,"C",1.76,NA,1.15,"TD mayor a CI","No aplica"
4112665,"000003","000004","RESTAURANTES TOKS SA CV",5812,"Restaurantes",NA,0,"1.8",1.8,"0",0,1.2,"C",1.76,NA,1.15,"TD mayor a CI","No aplica"
4116562,"000434","000001","CENTRO DE DISTRIB OTE SA CV",5533,"Refacciones y ferreterías",NA,NA,"2.38",2.38,"1.75",1.75,0,"C",0,NA,1.15,"TD mayor a CI","No aplica"
4116588,"000434","000001","CENTRO DE DISTRIB OTE SA CV",5533,"Refacciones y ferreterías",NA,NA,"2.38",2.38,"1.35",1.35,0,"C",0,NA,1.15,"TD mayor a CI","No aplica"
4120372,"000003","000004","RESTAURANTES TOKS SA CV",5812,"Restaurantes",NA,0,"1.8",1.8,"0",0,1.2,"C",1.76,NA,1.15,"TD mayor a CI","No aplica"
4122416,"000003","000004","RESTAURANTES TOKS SA CV",5812,"Restaurantes",NA,0,"1.8",1.8,"0",0,1.2,"C",1.76,NA,1.15,"TD mayor a CI","No aplica"
4127062,"000003","000004","RESTAURANTES TOKS SA CV",5812,"Restaurantes",NA,0,"1.8",1.8,"0",0,1.2,"C",1.76,NA,1.15,"TD mayor a CI","No aplica"
4127585,"000003","000004","RESTAURANTES TOKS SA CV",5812,"Restaurantes",NA,0,"1.8",1.8,"0",0,1.2,"C",1.76,NA,1.15,"TD mayor a CI","No aplica"
4131965,"000003","000004","RESTAURANTES TOKS SA CV",5812,"Restaurantes",NA,0,"1.8",1.8,"0",0,1.2,"C",1.76,NA,1.15,"TD mayor a CI","No aplica"
4131966,"000003","000004","RESTAURANTES TOKS SA CV",5812,"Restaurantes",NA,0,"1.8",1.8,"0",0,1.2,"C",1.76,NA,1.15,"TD mayor a CI","No aplica"
4131969,"000003","000004","RESTAURANTES TOKS SA CV",5812,"Restaurantes",NA,0,"1.8",1.8,"0",0,1.2,"C",1.76,NA,1.15,"TD mayor a CI","No aplica"
4131971,"000003","000004","RESTAURANTES TOKS SA CV",5812,"Restaurantes",NA,0,"1.8",1.8,"0",0,1.2,"C",1.76,NA,1.15,"TD mayor a CI","No aplica"
4131972,"000003","000004","RESTAURANTES TOKS SA CV",5812,"Restaurantes",NA,0,"1.8",1.8,"0",0,1.2,"C",1.76,NA,1.15,"TD mayor a CI","No aplica"
4133091,"000003","000004","RESTAURANTES TOKS SA CV",5812,"Restaurantes",NA,0,"1.8",1.8,"0",0,1.2,"C",1.76,NA,1.15,"TD mayor a CI","No aplica"
4133092,"000003","000004","RESTAURANTES TOKS SA CV",5812,"Restaurantes",NA,0,"1.8",1.8,"0",0,1.2,"C",1.76,NA,1.15,"TD mayor a CI","No aplica"
4133885,"000003","000004","RESTAURANTES TOKS SA CV",5812,"Restaurantes",NA,0,"1.8",1.8,"0",0,1.2,"C",1.76,NA,1.15,"TD mayor a CI","No aplica"
4141185,"000003","000004","RESTAURANTES TOKS SA CV",5812,"Restaurantes",NA,0,"1.8",1.8,"0",0,1.2,"C",1.76,NA,1.15,"TD mayor a CI","No aplica"
4143717,"000003","000004","RESTAURANTES TOKS SA CV",5812,"Restaurantes",NA,0,"1.8",1.8,"0",0,1.2,"C",1.76,NA,1.15,"TD mayor a CI","No aplica"
4146243,"000003","000004","RESTAURANTES TOKS SA CV",5812,"Restaurantes",NA,0,"1.8",1.8,"0",0,1.2,"C",1.76,NA,1.15,"TD mayor a CI","No aplica"
4149675,"000003","000004","RESTAURANTES TOKS SA CV",5812,"Restaurantes",NA,0,"1.8",1.8,"0",0,1.2,"C",1.76,NA,1.15,"TD mayor a CI","No aplica"
4150167,"000003","000004","RESTAURANTES TOKS SA CV",5812,"Restaurantes",NA,0,"2.25",2.25,"0",0,1.2,"C",1.76,NA,1.15,"TD mayor a CI","No aplica"
4151023,"000003","000004","RESTAURANTES TOKS SA CV",5812,"Restaurantes",NA,0,"1.8",1.8,"0",0,1.2,"C",1.76,NA,1.15,"TD mayor a CI","No aplica"
4151370,"000004","000004","SUBURBIA SRL CV",5969,"Otros",NA,0,"1.75",1.75,"0",0,1,"C",1.53,NA,1.15,"TD mayor a CI","No aplica"
4153062,"000003","000004","RESTAURANTES TOKS SA CV",5812,"Restaurantes",NA,0,"1.8",1.8,"0",0,1.2,"C",1.76,NA,1.15,"TD mayor a CI","No aplica"
4158556,"000003","000004","RESTAURANTES TOKS SA CV",5812,"Restaurantes",NA,0,"1.8",1.8,"0",0,1.2,"C",1.76,NA,1.15,"TD mayor a CI","No aplica"
4160940,"000003","000004","RESTAURANTES TOKS SA CV",5812,"Restaurantes",NA,0,"1.8",1.8,"0",0,1.2,"C",1.76,NA,1.15,"TD mayor a CI","No aplica"
4160942,"000003","000004","RESTAURANTES TOKS SA CV",5812,"Restaurantes",NA,0,"1.8",1.8,"0",0,1.2,"C",1.76,NA,1.15,"TD mayor a CI","No aplica"
4160943,"000003","000004","RESTAURANTES TOKS SA CV",5812,"Restaurantes",NA,0,"1.8",1.8,"0",0,1.2,"C",1.76,NA,1.15,"TD mayor a CI","No aplica"
4160978,"000003","000004","RESTAURANTES TOKS SA CV",5812,"Restaurantes",NA,0,"1.8",1.8,"0",0,1.2,"C",1.76,NA,1.15,"TD mayor a CI","No aplica"
4160979,"000003","000004","RESTAURANTES TOKS SA CV",5812,"Restaurantes",NA,0,"1.8",1.8,"0",0,1.2,"C",1.76,NA,1.15,"TD mayor a CI","No aplica"
4163571,"000003","000004","RESTAURANTES TOKS SA CV",5812,"Restaurantes",NA,0,"1.8",1.8,"0",0,1.2,"C",1.76,NA,1.15,"TD mayor a CI","No aplica"
4163573,"000003","000004","RESTAURANTES TOKS SA CV",5812,"Restaurantes",NA,0,"1.8",1.8,"0",0,1.2,"C",1.76,NA,1.15,"TD mayor a CI","No aplica"
4163574,"000003","000004","RESTAURANTES TOKS SA CV",5812,"Restaurantes",NA,0,"1.8",1.8,"0",0,1.2,"C",1.76,NA,1.15,"TD mayor a CI","No aplica"
4163633,"000003","000004","RESTAURANTES TOKS SA CV",5812,"Restaurantes",NA,0,"1.8",1.8,"0",0,1.2,"C",1.76,NA,1.15,"TD mayor a CI","No aplica"
4171705,"000003","000004","RESTAURANTES TOKS SA CV",5812,"Restaurantes",NA,0,"1.8",1.8,"0",0,1.2,"C",1.76,NA,1.15,"TD mayor a CI","No aplica"
4171706,"000003","000004","RESTAURANTES TOKS SA CV",5812,"Restaurantes",NA,0,"1.8",1.8,"0",0,1.2,"C",1.76,NA,1.15,"TD mayor a CI","No aplica"
4175691,"000003","000004","RESTAURANTES TOKS SA CV",5812,"Restaurantes",NA,0,"1.8",1.8,"0",0,1.2,"C",1.76,NA,1.15,"TD mayor a CI","No aplica"
4184560,"003883","000001","FARM SAN FCO ASIS SA CV",5912,"Farmacias",NA,NA,"2.23",2.23,"1.6",1.6,0,"C",1.28,NA,1,"TD mayor a CI","No aplica"
4185251,"000003","000004","RESTAURANTES TOKS SA CV",5812,"Restaurantes",NA,0,"1.8",1.8,"0",0,1.2,"C",1.76,NA,1.15,"TD mayor a CI","No aplica"
4186823,"000003","000004","RESTAURANTES TOKS SA CV",5812,"Restaurantes",NA,0,"1.8",1.8,"0",0,1.2,"C",1.76,NA,1.15,"TD mayor a CI","No aplica"
4186824,"000003","000004","RESTAURANTES TOKS SA CV",5812,"Restaurantes",NA,0,"1.8",1.8,"0",0,1.2,"C",1.76,NA,1.15,"TD mayor a CI","No aplica"
4191581,"000003","000004","RESTAURANTES TOKS SA CV",5812,"Restaurantes",NA,0,"1.8",1.8,"0",0,1.2,"C",1.76,NA,1.15,"TD mayor a CI","No aplica"
4191599,"000003","000004","RESTAURANTES TOKS SA CV",5812,"Restaurantes",NA,0,"1.8",1.8,"0",0,1.2,"C",1.76,NA,1.15,"TD mayor a CI","No aplica"
4205027,"000003","000004","RESTAURANTES TOKS SA CV",5812,"Restaurantes",NA,0,"1.8",1.8,"0",0,1.2,"C",1.76,NA,1.15,"TD mayor a CI","No aplica"
4212361,"000003","000004","RESTAURANTES TOKS SA CV",5812,"Restaurantes",NA,0,"1.8",1.8,"0",0,1.2,"C",1.76,NA,1.15,"TD mayor a CI","No aplica"
4215554,"000003","000004","RESTAURANTES TOKS SA CV",5812,"Restaurantes",NA,0,"1.8",1.8,"0",0,1.2,"C",1.76,NA,1.15,"TD mayor a CI","No aplica"
4222105,"000003","000004","RESTAURANTES TOKS SA CV",5812,"Restaurantes",NA,0,"1.8",1.8,"0",0,1.2,"C",1.76,NA,1.15,"TD mayor a CI","No aplica"
4238911,"000003","000004","RESTAURANTES TOKS SA CV",5812,"Restaurantes",NA,0,"1.8",1.8,"0",0,1.2,"C",1.76,NA,1.15,"TD mayor a CI","No aplica"
4254769,"@","@","PIMTEX HOME SRL CV",5198,"Ventas al detalle (Retail)",2.38,1.75,"0",0,"0",0,0,"C",1.53,NA,1.15,"TD mayor a CI","No aplica"
4255378,"000003","000004","RESTAURANTES TOKS SA CV",5812,"Restaurantes",NA,0,"1.8",1.8,"0",0,1.2,"C",1.76,NA,1.15,"TD mayor a CI","No aplica"
4295523,"000003","000004","RESTAURANTES TOKS SA CV",5812,"Restaurantes",NA,0,"1.8",1.8,"0",0,1.2,"C",1.76,NA,1.15,"TD mayor a CI","No aplica"
4311098,"000003","000004","RESTAURANTES TOKS SA CV",5812,"Restaurantes",NA,0,"1.8",1.8,"0",0,1.2,"C",1.76,NA,1.15,"TD mayor a CI","No aplica"
4314076,"@","@","ASOC CONDOM PUNT PELICANOS AC",7299,"Otros",2.38,1.7,"0",0,"0",0,0,"C",1.53,NA,1.15,"TD mayor a CI","No aplica"
4318788,"000003","000004","RESTAURANTES TOKS SA CV",5812,"Restaurantes",NA,0,"1.8",1.8,"0",0,1.2,"C",1.76,NA,1.15,"TD mayor a CI","No aplica"
4337358,"000003","000004","RESTAURANTES TOKS SA CV",5812,"Restaurantes",NA,0,"1.8",1.8,"0",0,1.2,"C",1.76,NA,1.15,"TD mayor a CI","No aplica"
4347076,"000003","000004","RESTAURANTES TOKS SA CV",5812,"Restaurantes",NA,0,"1.8",1.8,"0",0,1.2,"C",1.76,NA,1.15,"TD mayor a CI","No aplica"
4370813,"003069","000001","TECNICENTRO ROYAL SA CV",5532,"Ventas al detalle (Retail)",NA,NA,"1.95",1.95,"1.4",1.4,0,"C",1.53,NA,1.15,"TD mayor a CI","No aplica"
4390811,"000003","000004","RESTAURANTES TOKS SA CV",5812,"Restaurantes",NA,0,"1.8",1.8,"0",0,1.2,"C",1.76,NA,1.15,"TD mayor a CI","No aplica"
4390829,"000003","000004","RESTAURANTES TOKS SA CV",5812,"Restaurantes",NA,0,"1.8",1.8,"0",0,1.2,"C",1.76,NA,1.15,"TD mayor a CI","No aplica"
4393575,"000003","000004","RESTAURANTES TOKS SA CV",5812,"Restaurantes",NA,0,"1.8",1.8,"0",0,1.2,"C",1.76,NA,1.15,"TD mayor a CI","No aplica"
4402327,"000003","000004","RESTAURANTES TOKS SA CV",5812,"Restaurantes",NA,0,"1.8",1.8,"0",0,1.2,"C",1.76,NA,1.15,"TD mayor a CI","No aplica"
4415766,"000003","000004","RESTAURANTES TOKS SA CV",5812,"Restaurantes",NA,0,"1.8",1.8,"0",0,1.2,"C",1.76,NA,1.15,"TD mayor a CI","No aplica"
4421566,"000003","000004","RESTAURANTES TOKS SA CV",5812,"Restaurantes",NA,0,"1.8",1.8,"0",0,1.2,"C",1.76,NA,1.15,"TD mayor a CI","No aplica"
4421574,"000003","000004","RESTAURANTES TOKS SA CV",5812,"Restaurantes",NA,0,"1.8",1.8,"0",0,1.2,"C",1.76,NA,1.15,"TD mayor a CI","No aplica"
4454187,"020655","000001","TERSA AUTOMOTRIZ SA CV",5511,"Ventas al detalle (Retail)",NA,NA,"1.95",1.95,"1.4",1.4,0,"C",1.53,NA,1.15,"TD mayor a CI","No aplica"
4472874,"046929","000001","COORDIN PAQUETERIA CARGA SA CV",4214,"Otros",NA,NA,"2.38",2.38,"1.75",1.75,0,"C",1.53,NA,1.15,"TD mayor a CI","No aplica"
4475638,"@","@","REST POLLO L ENERO GOLFO SA CV",5814,"Comida Rápida",2.31,1.35,"0",0,"0",0,0,"C",1.17,NA,0.75,"TD mayor a CI","No aplica"
4475802,"000003","000004","RESTAURANTES TOKS SA CV",5812,"Restaurantes",NA,0,"1.8",1.8,"0",0,1.2,"C",1.76,NA,1.15,"TD mayor a CI","No aplica"
4481461,"@","@","DISTRIB COMERCIALIZ MER SA CV",5541,"Gasolineras",1.25,0.65,"0",0,"0",0,0,"C",1,NA,0.45,"TD mayor a CI","No aplica"
4481560,"@","@","DIST COMERCIALIZ MERCAN SA CV",5541,"Gasolineras",1.25,0.65,"0",0,"0",0,0,"C",1,NA,0.45,"TD mayor a CI","No aplica"
4486403,"000003","000004","RESTAURANTES TOKS SA CV",5812,"Restaurantes",NA,0,"1.8",1.8,"0",0,1.2,"C",1.76,NA,1.15,"TD mayor a CI","No aplica"
4532552,"000003","000004","RESTAURANTES TOKS SA CV",5812,"Restaurantes",NA,0,"1.8",1.8,"0",0,1.2,"C",1.76,NA,1.15,"TD mayor a CI","No aplica"
4532560,"000003","000004","RESTAURANTES TOKS SA CV",5812,"Restaurantes",NA,0,"1.8",1.8,"0",0,1.2,"C",1.76,NA,1.15,"TD mayor a CI","No aplica"
4532602,"000003","000004","RESTAURANTES TOKS SA CV",5812,"Restaurantes",NA,0,"1.8",1.8,"0",0,1.2,"C",1.76,NA,1.15,"TD mayor a CI","No aplica"
4535746,"000003","000004","RESTAURANTES TOKS SA CV",5812,"Restaurantes",NA,0,"1.8",1.8,"0",0,1.2,"C",1.76,NA,1.15,"TD mayor a CI","No aplica"
4554408,"000003","000004","RESTAURANTES TOKS SA CV",5812,"Restaurantes",NA,0,"1.8",1.8,"0",0,1.2,"C",1.76,NA,1.15,"TD mayor a CI","No aplica"
4569752,"000003","000004","RESTAURANTES TOKS SA CV",5812,"Restaurantes",NA,0,"1.8",1.8,"0",0,1.2,"C",1.76,NA,1.15,"TD mayor a CI","No aplica"
4588190,"000003","000004","RESTAURANTES TOKS SA CV",5812,"Restaurantes",NA,0,"1.8",1.8,"0",0,1.2,"C",1.76,NA,1.15,"TD mayor a CI","No aplica"
4596235,"000003","000004","RESTAURANTES TOKS SA CV",5812,"Restaurantes",NA,0,"1.8",1.8,"0",0,1.2,"C",1.76,NA,1.15,"TD mayor a CI","No aplica"
4614137,"000003","000004","RESTAURANTES TOKS SA CV",5812,"Restaurantes",NA,0,"1.8",1.8,"0",0,1.2,"C",1.76,NA,1.15,"TD mayor a CI","No aplica"
4621637,"000003","000004","RESTAURANTES TOKS SA CV",5812,"Restaurantes",NA,0,"1.8",1.8,"0",0,1.2,"C",1.76,NA,1.15,"TD mayor a CI","No aplica"
4666913,"000003","000004","RESTAURANTES TOKS SA CV",5812,"Restaurantes",NA,0,"1.8",1.8,"0",0,1.2,"C",1.76,NA,1.15,"TD mayor a CI","No aplica"
4722823,"000013","000002","ADM INTEGRAL DE ALIMENTOS SACV",5812,"Restaurantes",NA,0,"1.7",1.7,"0",0,1.24,"C",1.76,NA,1.15,"TD menor a CI","No aplica"
4752127,"@","@","PREMIER CAESARS SA CV",5812,"Restaurantes",2.38,1.75,"0",0,"0",0,0,"C",1.76,NA,1.15,"TD mayor a CI","No aplica"
4764247,"000013","000002","ADMON INT DE ALIMENTOS SA CV",5812,"Restaurantes",NA,0,"1.7",1.7,"0",0,1.24,"C",1.76,NA,1.15,"TD menor a CI","No aplica"
4772497,"@","@","AMEALCO DE BONFIL",9311,"Gobierno",1.85,1.35,"0",0,"0",0,0,"C",1.03,NA,0.75,"TD mayor a CI","No aplica"
4854774,"000001","000010","TDAS Y REST DE VER SA CV",5812,"Restaurantes",NA,0,"2.1800000000000002",2.18,"0",0,2.18,"C",1.76,NA,1.15,"TD mayor a CI","No aplica"
4860052,"040030","000001","FARMS LEYVA SA CV",5912,"Farmacias",NA,NA,"2.23",2.23,"1.6",1.6,0,"C",1.28,NA,1,"TD mayor a CI","No aplica"
4870911,"000003","000004","RESTAURANTES TOKS SA CV",5812,"Restaurantes",NA,0,"1.8",1.8,"0",0,1.2,"C",1.76,NA,1.15,"TD mayor a CI","No aplica"
4887857,"000003","000004","RESTAURANTES TOKS SA CV",5812,"Restaurantes",NA,0,"1.8",1.8,"0",0,1.2,"C",1.76,NA,1.15,"TD mayor a CI","No aplica"
4908612,"@","@","ACEROS Y TUBULARES COSTA SA CV",5211,"Ventas al detalle (Retail)",2.38,1.4,"0",0,"0",0,0,"C",1.53,NA,1.15,"TD mayor a CI","No aplica"
4910535,"@","@","ACEROS Y TUBULARES COSTA SA CV",5211,"Ventas al detalle (Retail)",2.38,1.75,"0",0,"0",0,0,"C",1.53,NA,1.15,"TD mayor a CI","No aplica"
4910576,"@","@","ACEROS Y TUBULARES COSTA SA CV",5039,"Ventas al detalle (Retail)",2.38,1.75,"0",0,"0",0,0,"C",1.53,NA,1.15,"TD mayor a CI","No aplica"
4944021,"000003","000004","RESTAURANTES TOKS SA CV",5812,"Restaurantes",NA,0,"1.8",1.8,"0",0,1.2,"C",1.76,NA,1.15,"TD mayor a CI","No aplica"
4955738,"000003","000004","RESTAURANTES TOKS SA CV",5812,"Restaurantes",NA,0,"1.8",1.8,"0",0,1.2,"C",1.76,NA,1.15,"TD mayor a CI","No aplica"
4962544,"000004","000001","DIST LIVERPOOL SA DE CV",5969,"Otros",NA,0,"1.75",1.75,"0",0,1.24,"C",1.53,NA,1.15,"TD mayor a CI","No aplica"
4973830,"000001","000010","TDAS Y REST DE VER SA CV",5812,"Restaurantes",NA,0,"2.1800000000000002",2.18,"0",0,2.18,"C",1.76,NA,1.15,"TD mayor a CI","No aplica"
4975009,"@","@","HIRAMURO SHOJI FERNANDO",8011,"Médicos y dentistas",1.2,1.65,"0",0,"0",0,0,"C",0,NA,1.15,"TD mayor a CI","No aplica"
4998910,"000013","000001","SANBORNS HERMANOS SA CV",5969,"Otros",NA,0,"1.7",1.7,"0",0,1.24,"C",1.53,NA,1.15,"TD mayor a CI","No aplica"
5012513,"003069","000001","TECNICENTRO ROYAL SA CV",5532,"Ventas al detalle (Retail)",NA,NA,"1.95",1.95,"1.4",1.4,0,"C",1.53,NA,1.15,"TD mayor a CI","No aplica"
5017066,"000003","000004","RESTAURANTES TOKS SA CV",5812,"Restaurantes",NA,0,"1.8",1.8,"0",0,1.2,"C",1.76,NA,1.15,"TD mayor a CI","No aplica"
5081831,"006494","000001","PROFE PART SA CV",1711,"Otros",NA,NA,"2",2,"1.45",1.45,0,"C",1.53,NA,1.15,"TD mayor a CI","No aplica"
5081872,"006494","000001","PROFE PART SA CV",1711,"Otros",NA,NA,"2",2,"1.45",1.45,0,"C",1.53,NA,1.15,"TD mayor a CI","No aplica"
5121991,"000004","000001","DIST LIVERPOOL SA CV",5969,"Otros",NA,0,"1.75",1.75,"0",0,1.24,"C",1.53,NA,1.15,"TD mayor a CI","No aplica"
5300348,"005580","000001","ELECTRONICOS Y SIMILARES SA CV",5732,"Ventas al detalle (Retail)",NA,NA,"2.38",2.38,"1.75",1.75,0,"C",1.53,NA,1.15,"TD mayor a CI","No aplica"
5329990,"006494","000001","PROFE PART SA CV",1711,"Otros",NA,NA,"2",2,"1.45",1.45,0,"C",1.53,NA,1.15,"TD mayor a CI","No aplica"
5351887,"000001","000010","TDAS Y REST JALAPA SA CV",5812,"Restaurantes",NA,0,"2.5",2.5,"0",0,1.77,"C",1.76,NA,1.15,"TD mayor a CI","No aplica"
5386792,"003069","000001","TECNICENTRO ROYAL SA CV",5532,"Ventas al detalle (Retail)",NA,NA,"1.95",1.95,"1.4",1.4,0,"C",1.53,NA,1.15,"TD mayor a CI","No aplica"
5412812,"000005","000001","SEARS OPERADORA MEXICO SA CV",5969,"Otros",NA,0,"1.7",1.7,"0",0,1.24,"C",1.53,NA,1.15,"TD mayor a CI","No aplica"
5454400,"003883","000001","FARM SAN FCO DE ASIS SACV",5912,"Farmacias",NA,NA,"2.23",2.23,"1.6",1.6,0,"C",1.28,NA,1,"TD mayor a CI","No aplica"
5454582,"003883","000001","FARM SAN FCO DE ASIS SACV",5912,"Farmacias",NA,NA,"2.23",2.23,"1.6",1.6,0,"C",1.28,NA,1,"TD mayor a CI","No aplica"
5456827,"006494","000001","PROFE PART SA CV",1711,"Otros",NA,NA,"2",2,"1.45",1.45,0,"C",1.53,NA,1.15,"TD mayor a CI","No aplica"
5470141,"003883","000001","FARM SAN FCO DE ASIS SA CV",5912,"Farmacias",NA,NA,"2.23",2.23,"1.6",1.6,0,"C",1.28,NA,1,"TD mayor a CI","No aplica"
5470307,"003883","000001","FARM SAN FCO DE ASIS SA CV",5912,"Farmacias",NA,NA,"2.23",2.23,"1.6",1.6,0,"C",1.28,NA,1,"TD mayor a CI","No aplica"
5470356,"003883","000001","FARM SAN FCO DE ASIS SA CV",5912,"Farmacias",NA,NA,"2.23",2.23,"1.6",1.6,0,"C",1.28,NA,1,"TD mayor a CI","No aplica"
5470455,"003883","000001","FARM SAN FCO DE ASIS SA CV",5912,"Farmacias",NA,NA,"2.23",2.23,"1.6",1.6,0,"C",1.28,NA,1,"TD mayor a CI","No aplica"
5470687,"003883","000001","FARM SAN FCO DE ASIS SACV",5912,"Farmacias",NA,NA,"2.23",2.23,"1.6",1.6,0,"C",1.28,NA,1,"TD mayor a CI","No aplica"
5470745,"003883","000001","FARMACIA SN FCO ASIS SA CV",5912,"Farmacias",NA,NA,"2.23",2.23,"1.6",1.6,0,"C",1.28,NA,1,"TD mayor a CI","No aplica"
5470810,"003883","000001","FARMACIA SAN FCO ASIS SA CV",5912,"Farmacias",NA,NA,"2.23",2.23,"1.6",1.6,0,"C",1.28,NA,1,"TD mayor a CI","No aplica"
5470950,"003883","000001","FARM SAN FCO DE ASIS SA CV",5912,"Farmacias",NA,NA,"2.23",2.23,"1.6",1.6,0,"C",1.28,NA,1,"TD mayor a CI","No aplica"
5471032,"003883","000001","FARM SAN FCO DE ASIS SACV",5912,"Farmacias",NA,NA,"2.23",2.23,"1.6",1.6,0,"C",1.28,NA,1,"TD mayor a CI","No aplica"
5471867,"000342","000001","GPO FERRETERO MILENIO SA CV",5251,"Refacciones y ferreterías",NA,NA,"2.38",2.38,"1.75",1.75,0,"C",0,NA,1.15,"TD mayor a CI","No aplica"
5471933,"000342","000001","GPO FERRETERO MILENIO SACV",5251,"Refacciones y ferreterías",NA,NA,"2.38",2.38,"1.75",1.75,0,"C",0,NA,1.15,"TD mayor a CI","No aplica"
5474671,"004772","000001","ASOC DIFUCION ACTUAL SACV",5611,"Ventas al detalle (Retail)",NA,NA,"2.38",2.38,"1.75",1.75,0,"C",1.53,NA,1.15,"TD mayor a CI","No aplica"
5483888,"003069","000001","TECNICENTRO ROYAL SA CV",5532,"Ventas al detalle (Retail)",NA,NA,"1.95",1.95,"1.4",1.4,0,"C",1.53,NA,1.15,"TD mayor a CI","No aplica"
5483979,"006494","000001","PROFE PART SA CV",1711,"Otros",NA,NA,"2",2,"1.45",1.45,0,"C",1.53,NA,1.15,"TD mayor a CI","No aplica"
5504402,"003069","000001","TECNICENTRO ROYAL SA CV",5532,"Ventas al detalle (Retail)",NA,NA,"1.95",1.95,"1.4",1.4,0,"C",1.53,NA,1.15,"TD mayor a CI","No aplica"
5535661,"000342","000001","GPO FERRET MILENIO SACV",5251,"Refacciones y ferreterías",NA,NA,"2.38",2.38,"1.75",1.75,0,"C",0,NA,1.15,"TD mayor a CI","No aplica"
5542881,"000001","000004","NUEVA WAL MART DE MEX SRL CV",5969,"Otros",NA,NA,"1.6",1.75,"1",1.7,1,"C",1.53,NA,1.15,"TD mayor a CI","No aplica"
5548680,"001503","000001","OPERADORA VASCO QUIROGA SACV",3501,"Hoteles",NA,0,"2.4",2.4,"0",0,0,"C",1.58,NA,1.1,"TD mayor a CI","No aplica"
5574892,"@","@","COM AUTOM POZA RICA SA CV",5511,"Ventas al detalle (Retail)",2.38,1.75,"0",0,"0",0,0,"C",1.53,NA,1.15,"TD mayor a CI","No aplica"
5579230,"040030","000001","FARMACIAS LEYVA SA CV",5912,"Farmacias",NA,NA,"2.23",2.23,"1.6",1.6,0,"C",1.28,NA,1,"TD mayor a CI","No aplica"
5579248,"040030","000001","FARMACIAS LEYVA SA CV",5912,"Farmacias",NA,NA,"2.23",2.23,"1.6",1.6,0,"C",1.28,NA,1,"TD mayor a CI","No aplica"
5579263,"040030","000001","FARMACIAS LEYVA SA CV",5912,"Farmacias",NA,NA,"2.23",2.23,"1.6",1.6,0,"C",1.28,NA,1,"TD mayor a CI","No aplica"
5579271,"040030","000001","FARMACIAS LEYVA SA CV",5912,"Farmacias",NA,NA,"2.23",2.23,"1.6",1.6,0,"C",1.28,NA,1,"TD mayor a CI","No aplica"
5579289,"040030","000001","FARMACIAS LEYVA SA CV",5912,"Farmacias",NA,NA,"2.23",2.23,"1.6",1.6,0,"C",1.28,NA,1,"TD mayor a CI","No aplica"
5655998,"040030","000001","FARM LEYVA SA CV",5912,"Farmacias",NA,NA,"2.23",2.23,"1.6",1.6,0,"C",1.28,NA,1,"TD mayor a CI","No aplica"
5656004,"040030","000001","FARMACIAS LEYVA SA CV",5912,"Farmacias",NA,NA,"2.23",2.23,"1.6",1.6,0,"C",1.28,NA,1,"TD mayor a CI","No aplica"
5673462,"006494","000001","PROFE PART SA CV",1711,"Otros",NA,NA,"2",2,"1.45",1.45,0,"C",1.53,NA,1.15,"TD mayor a CI","No aplica"
5673470,"006494","000001","PROFE PART SA CV",1711,"Otros",NA,NA,"2",2,"1.45",1.45,0,"C",1.53,NA,1.15,"TD mayor a CI","No aplica"
5702964,"006494","000001","PROFE PART SA CV",1711,"Otros",NA,NA,"2",2,"1.45",1.45,0,"C",1.53,NA,1.15,"TD mayor a CI","No aplica"
5726187,"003883","000001","FARM SAN FCO DE ASIS SA CV",5912,"Farmacias",NA,NA,"2.23",2.23,"1.6",1.6,0,"C",1.28,NA,1,"TD mayor a CI","No aplica"
5741665,"@","@","VILLA MARIA CRISTINA SA CV",7011,"Hoteles",2.4,1.7,"0",0,"0",0,0,"C",1.58,NA,1.1,"TD mayor a CI","No aplica"
5762109,"003883","000001","FARM S FRANCISCO D ASIS SACV",5912,"Farmacias",NA,NA,"2.23",2.23,"1.6",1.6,0,"C",1.28,NA,1,"TD mayor a CI","No aplica"
5776885,"@","@","PERIODIST SOL VERACRUZ SACV",5192,"Ventas al detalle (Retail)",2.38,1.75,"0",0,"0",0,0,"C",1.53,NA,1.15,"TD mayor a CI","No aplica"
5780887,"042247","000001","SISTEMAS DE RIEGO NORTE SACV",5251,"Refacciones y ferreterías",NA,NA,"2.38",2.38,"1.75",1.75,0,"C",0,NA,1.15,"TD mayor a CI","No aplica"
5780895,"042247","000001","SISTEMAS DE RIEGO NORTE SACV",5251,"Refacciones y ferreterías",NA,NA,"2.38",2.38,"1.75",1.75,0,"C",0,NA,1.15,"TD mayor a CI","No aplica"
5787395,"000122","000001","CORPORATIVO GAVIOTAS SACV",3393,"Renta de Autos",NA,NA,"1.8",1.8,"1.5",1.5,0,"C",1.58,NA,1.1,"TD mayor a CI","No aplica"
5787403,"000122","000001","CORPORATIVO GAVIOTAS SACV",3393,"Renta de Autos",NA,NA,"1.8",1.8,"1.5",1.5,0,"C",1.58,NA,1.1,"TD mayor a CI","No aplica"
5787411,"000122","000001","CORPORATIVO GAVIOTAS SACV",3393,"Renta de Autos",NA,NA,"1.8",1.8,"1.5",1.5,0,"C",1.58,NA,1.1,"TD mayor a CI","No aplica"
5787429,"000122","000001","CORPORATIVO GAVIOTAS SACV",3393,"Renta de Autos",NA,NA,"1.8",1.8,"1.5",1.5,0,"C",1.58,NA,1.1,"TD mayor a CI","No aplica"
5787437,"000122","000001","CORPORATIVO GAVIOTAS SACV",3393,"Renta de Autos",NA,NA,"1.8",1.8,"1.5",1.5,0,"C",1.58,NA,1.1,"TD mayor a CI","No aplica"
5787460,"000122","000001","CORPORATIVO GAVIOTAS SACV",3393,"Renta de Autos",NA,NA,"1.8",1.8,"1.5",1.5,0,"C",1.58,NA,1.1,"TD mayor a CI","No aplica"
5787650,"000122","000001","CORPORATIVO GAVIOTAS SACV",3393,"Renta de Autos",NA,NA,"1.8",1.8,"1.5",1.5,0,"C",1.58,NA,1.1,"TD mayor a CI","No aplica"
5787684,"000122","000001","CORPORATIVO GAVIOTAS SACV",3393,"Renta de Autos",NA,NA,"1.8",1.8,"1.5",1.5,0,"C",1.58,NA,1.1,"TD mayor a CI","No aplica"
5787726,"000122","000001","CORPORATIVO GAVIOTAS SACV",3393,"Renta de Autos",NA,NA,"1.8",1.8,"1.5",1.5,0,"C",1.58,NA,1.1,"TD mayor a CI","No aplica"
5795265,"041282","000001","DIST Y COMER MERC OCCTE SACV",5541,"Gasolineras",NA,NA,"1.25",1.25,"0.65",0.65,0,"C",1,NA,0.45,"TD mayor a CI","No aplica"
5873609,"040030","000001","FARMACIAS LEYVA SA CV",5912,"Farmacias",NA,NA,"2.23",2.23,"1.6",1.6,0,"C",1.28,NA,1,"TD mayor a CI","No aplica"
5873625,"040030","000001","FARMACIAS LEYVA SA CV",5912,"Farmacias",NA,NA,"2.23",2.23,"1.6",1.6,0,"C",1.28,NA,1,"TD mayor a CI","No aplica"
5873633,"040030","000001","FARMACIAS LEYVA SA CV",5912,"Farmacias",NA,NA,"2.23",2.23,"1.6",1.6,0,"C",1.28,NA,1,"TD mayor a CI","No aplica"
5873641,"040030","000001","FARMACIAS LEYVA SA CV",5912,"Farmacias",NA,NA,"2.23",2.23,"1.6",1.6,0,"C",1.28,NA,1,"TD mayor a CI","No aplica"
5906763,"041873","000001","UNIV DL VALLE D PUEBLA SC",8220,"Colegios y Universidades",NA,NA,"1.85",1.85,"1.35",1.35,0,"C",1.12,NA,0.75,"TD mayor a CI","No aplica"
5933338,"@","@","DIST AUTOS Y CAMIONES SA CV",5511,"Ventas al detalle (Retail)",2.38,1.75,"0",0,"0",0,0,"C",1.53,NA,1.15,"TD mayor a CI","No aplica"
5933353,"@","@","DIST AUTOS Y CAMIONES SA CV",5511,"Ventas al detalle (Retail)",2.38,1.75,"0",0,"0",0,0,"C",1.53,NA,1.15,"TD mayor a CI","No aplica"
5995162,"042247","000001","SISTEMAS DE RIEGO NORTE SACV",5251,"Refacciones y ferreterías",NA,NA,"2.38",2.38,"1.75",1.75,0,"C",0,NA,1.15,"TD mayor a CI","No aplica"
5995170,"042247","000001","SISTEMAS DE RIEGO NORTE SACV",5251,"Refacciones y ferreterías",NA,NA,"2.38",2.38,"1.75",1.75,0,"C",0,NA,1.15,"TD mayor a CI","No aplica"
6041594,"003069","000001","TECNICENTRO ROYAL SA CV",5532,"Ventas al detalle (Retail)",NA,NA,"1.95",1.95,"1.4",1.4,0,"C",1.53,NA,1.15,"TD mayor a CI","No aplica"
6080394,"040030","000001","FARM LEYVA SA CV",5912,"Farmacias",NA,NA,"2.23",2.23,"1.6",1.6,0,"C",1.28,NA,1,"TD mayor a CI","No aplica"
6106041,"004772","000001","ASOC DIF D ACTUALIDAD SA CV",5611,"Ventas al detalle (Retail)",NA,NA,"2.38",2.38,"1.75",1.75,0,"C",1.53,NA,1.15,"TD mayor a CI","No aplica"
6112916,"046133","000001","DIST POTOSINA DE GAS SA CV",5983,"Ventas al detalle (Retail)",NA,NA,"2.38",2.38,"1.75",1.75,0,"C",1.53,NA,1.15,"TD mayor a CI","No aplica"
6215602,"@","@","NAL SERVICIOS DARGUE SA CV",5169,"Ventas al detalle (Retail)",2.38,1.55,"0",0,"0",0,0,"C",1.53,NA,1.15,"TD mayor a CI","No aplica"
6251896,"000122","000001","CORPORATIVO GAVIOTAS SA CV",3393,"Renta de Autos",NA,NA,"1.8",1.8,"1.5",1.5,0,"C",1.58,NA,1.1,"TD mayor a CI","No aplica"
6255889,"000122","000001","CORPORATIVO GAVIOTAS SACV",3393,"Renta de Autos",NA,NA,"1.8",1.8,"1.5",1.5,0,"C",1.58,NA,1.1,"TD mayor a CI","No aplica"
6258701,"000003","000004","RESTAURANTES TOKS SA CV",5812,"Restaurantes",NA,0,"1.8",1.8,"0",0,1.2,"C",1.76,NA,1.15,"TD mayor a CI","No aplica"
6271043,"000003","000004","RESTAURANTES TOKS SA CV",5812,"Restaurantes",NA,0,"1.8",1.8,"0",0,1.2,"C",1.76,NA,1.15,"TD mayor a CI","No aplica"
6271050,"000003","000004","RESTAURANTES TOKS SA CV",5812,"Restaurantes",NA,0,"1.8",1.8,"0",0,1.2,"C",1.76,NA,1.15,"TD mayor a CI","No aplica"
6282149,"000003","000004","RESTAURANTES TOKS SA CV",5812,"Restaurantes",NA,0,"1.8",1.8,"0",0,1.2,"C",1.76,NA,1.15,"TD mayor a CI","No aplica"
6298756,"000003","000004","RESTAURANTES TOKS SA CV",5812,"Restaurantes",NA,0,"1.8",1.8,"0",0,1.2,"C",1.76,NA,1.15,"TD mayor a CI","No aplica"
6306039,"@","@","CAMACHO VERA VIANEY",4812,"Ventas al detalle (Retail)",2,1.75,"0",0,"0",0,0,"C",1.53,NA,1.15,"TD mayor a CI","No aplica"
6311898,"000003","000004","RESTAURANTES TOKS SA CV",5812,"Restaurantes",NA,0,"1.8",1.8,"0",0,1.2,"C",1.76,NA,1.15,"TD mayor a CI","No aplica"
6318216,"000003","000004","RESTAURANTES TOKS SA CV",5812,"Restaurantes",NA,0,"1.8",1.8,"0",0,1.2,"C",1.76,NA,1.15,"TD mayor a CI","No aplica"
6318224,"000003","000004","RESTAURANTES TOKS SA CV",5812,"Restaurantes",NA,0,"1.8",1.8,"0",0,1.2,"C",1.76,NA,1.15,"TD mayor a CI","No aplica"
6336283,"000003","000004","RESTAURANTES TOKS SA CV",5812,"Restaurantes",NA,0,"1.8",1.8,"0",0,1.2,"C",1.76,NA,1.15,"TD mayor a CI","No aplica"
6336291,"000003","000004","RESTAURANTES TOKS SA CV",5812,"Restaurantes",NA,0,"1.8",1.8,"0",0,1.2,"C",1.76,NA,1.15,"TD mayor a CI","No aplica"
6343180,"000003","000004","REST TOKS SA CV",5812,"Restaurantes",NA,0,"1.8",1.8,"0",0,1.2,"C",1.76,NA,1.15,"TD mayor a CI","No aplica"
6460851,"005944","000001","COOP DE CONSUMO GANAD SCL",763,"Ventas al detalle (Retail)",NA,NA,"2.38",2.38,"1.5",1.5,0,"C",1.53,NA,1.15,"TD mayor a CI","No aplica"
6495279,"@","@","COMERCIALIZ GREENHOW SACV",5169,"Ventas al detalle (Retail)",2,1.75,"0",0,"0",0,0,"C",1.53,NA,1.15,"TD mayor a CI","No aplica"
6502660,"@","@","UNIV MEXICO CENTRAL MX SACV",5046,"Ventas al detalle (Retail)",2.38,1.75,"0",0,"0",0,0,"C",1.53,NA,1.15,"TD mayor a CI","No aplica"
6508808,"003537","000001","INTERIND OPER DE HOTELES SACV",5812,"Restaurantes",NA,NA,"2.5499999999999998",2.55,"1.75",1.75,0,"C",1.76,NA,1.15,"TD mayor a CI","No aplica"
6533046,"000003","000004","RESTAURANTES TOKS SA CV",5812,"Restaurantes",NA,0,"1.8",1.8,"0",0,1.2,"C",1.76,NA,1.15,"TD mayor a CI","No aplica"
6550834,"000003","000004","RESTAURANTES TOKS SA CV",5812,"Restaurantes",NA,0,"1.8",1.8,"0",0,1.2,"C",1.76,NA,1.15,"TD mayor a CI","No aplica"
6597496,"000716","000001","FARMACIA GUADALAJARA SA CV",5912,"Farmacias",NA,0,"1.75",1.75,"0",0,1.5,"C",1.28,NA,1,"TD mayor a CI","No aplica"
6612733,"002108","000001","SERVILLANTAS DEL PARQUE SACV",5532,"Ventas al detalle (Retail)",NA,NA,"2.38",2.38,"1.75",1.75,0,"C",1.53,NA,1.15,"TD mayor a CI","No aplica"
6618847,"000122","000001","CORPORATIVO GAVIOTAS SA CV",3393,"Renta de Autos",NA,NA,"1.8",1.8,"1.5",1.5,0,"C",1.58,NA,1.1,"TD mayor a CI","No aplica"
6640296,"000003","000004","RESTAURANTES TOKS SA CV",5812,"Restaurantes",NA,0,"1.8",1.8,"0",0,1.2,"C",1.76,NA,1.15,"TD mayor a CI","No aplica"
6662217,"000003","000004","RESTAURANTES TOKS SA CV",5812,"Restaurantes",NA,0,"1.8",1.8,"0",0,1.2,"C",1.76,NA,1.15,"TD mayor a CI","No aplica"
6673487,"000003","000004","REST TOKS SA CV",5812,"Restaurantes",NA,0,"1.8",1.8,"0",0,1.2,"C",1.76,NA,1.15,"TD mayor a CI","No aplica"
6675144,"000195","000002","ABASTECEDORA LUMEN SA CV",5943,"Ventas al detalle (Retail)",NA,NA,"2",2,"1.75",1.75,0,"C",1.53,NA,1.15,"TD mayor a CI","No aplica"
6705818,"000003","000004","REST TOKS SA CV",5812,"Restaurantes",NA,0,"1.8",1.8,"0",0,1.2,"C",1.76,NA,1.15,"TD mayor a CI","No aplica"
6741524,"000003","000004","RESTAURANTES TOKS SA CV",5812,"Restaurantes",NA,0,"1.8",1.8,"0",0,1.2,"C",1.76,NA,1.15,"TD mayor a CI","No aplica"
6757181,"000003","000004","RESTAURANTES TOKS SA CV",5812,"Restaurantes",NA,0,"1.8",1.8,"0",0,1.2,"C",1.76,NA,1.15,"TD mayor a CI","No aplica"
6767321,"000003","000004","RESTAURANTES TOKS SA CV",5812,"Restaurantes",NA,0,"1.8",1.8,"0",0,1.2,"C",1.76,NA,1.15,"TD mayor a CI","No aplica"
6775076,"@","@","BAJA PAK SA CV",4215,"Otros",2.38,1.75,"0",0,"0",0,0,"C",1.53,NA,1.15,"TD mayor a CI","No aplica"
6789440,"@","@","RODRIGUEZ VILLARREAL SANTIAGO",5947,"Ventas al detalle (Retail)",2.38,1.75,"0",0,"0",0,0,"C",1.53,NA,1.15,"TD mayor a CI","No aplica"
6799555,"000003","000004","RESTAURANTES TOKS SA CV",5812,"Restaurantes",NA,0,"1.8",1.8,"0",0,1.2,"C",1.76,NA,1.15,"TD mayor a CI","No aplica"
7026958,"000003","000004","REST TOKS SA CV",5812,"Restaurantes",NA,0,"1.8",1.8,"0",0,1.2,"C",1.76,NA,1.15,"TD mayor a CI","No aplica"
7091379,"040030","000001","FARMACIAS LEYVA SA CV",5912,"Farmacias",NA,NA,"2.23",2.23,"1.6",1.6,0,"C",1.28,NA,1,"TD mayor a CI","No aplica"
7123300,"000003","000004","RESTAURANTES TOKS SA CV",5812,"Restaurantes",NA,0,"1.8",1.8,"0",0,1.2,"C",1.76,NA,1.15,"TD mayor a CI","No aplica"
7246655,"@","@","CIA PERIOD DL SOL D CHIH SA CV",5192,"Ventas al detalle (Retail)",2.38,1.75,"0",0,"0",0,0,"C",1.53,NA,1.15,"TD mayor a CI","No aplica"
7251522,"003069","000001","TECNICENTRO ROYAL SA CV",5532,"Ventas al detalle (Retail)",NA,NA,"1.95",1.95,"1.4",1.4,0,"C",1.53,NA,1.15,"TD mayor a CI","No aplica"
7256527,"040030","000001","FARMACIAS LEYVA SA CV",5912,"Farmacias",NA,NA,"2.23",2.23,"1.6",1.6,0,"C",1.28,NA,1,"TD mayor a CI","No aplica"
7290174,"003883","000001","FARM SAN FCO DE ASIS SACV",5912,"Farmacias",NA,NA,"2.23",2.23,"1.6",1.6,0,"C",1.28,NA,1,"TD mayor a CI","No aplica"
7328086,"003069","000001","TECNICENTRO ROYAL SA CV",5532,"Ventas al detalle (Retail)",NA,NA,"1.95",1.95,"1.4",1.4,0,"C",1.53,NA,1.15,"TD mayor a CI","No aplica"
7343348,"005755","000002","TABASCO INN SA CV",5812,"Restaurantes",NA,NA,"2.5499999999999998",2.55,"1.75",1.75,0,"C",1.76,NA,1.15,"TD mayor a CI","No aplica"
7408362,"000003","000004","REST TOKS SA CV",5812,"Restaurantes",NA,0,"1.8",1.8,"0",0,1.2,"C",1.76,NA,1.15,"TD mayor a CI","No aplica"
7458000,"003069","000001","TECNICENTRO ROYAL SA CV",5532,"Ventas al detalle (Retail)",NA,NA,"1.95",1.95,"1.4",1.4,0,"C",1.53,NA,1.15,"TD mayor a CI","No aplica"
7541150,"003069","000001","TECNICENTRO ROYAL SA CV",5532,"Ventas al detalle (Retail)",NA,NA,"1.95",1.95,"1.4",1.4,0,"C",1.53,NA,1.15,"TD mayor a CI","No aplica"
7558679,"000013","000002","ADM INTEGRAL DE ALIMENTOS SACV",5812,"Restaurantes",NA,0,"1.7",1.7,"0",0,1.24,"C",1.76,NA,1.15,"TD menor a CI","No aplica"
7692742,"000003","000004","RESTAURANTES TOKS SA CV",5812,"Restaurantes",NA,0,"1.8",1.8,"0",0,1.2,"C",1.76,NA,1.15,"TD mayor a CI","No aplica"
7692759,"000003","000004","REST TOKS SA CV",5812,"Restaurantes",NA,0,"1.8",1.8,"0",0,1.2,"C",1.76,NA,1.15,"TD mayor a CI","No aplica"
7693419,"000003","000004","RESTAURANTES TOKS SA CV",5812,"Restaurantes",NA,0,"1.8",1.8,"0",0,1.2,"C",1.76,NA,1.15,"TD mayor a CI","No aplica"
7929508,"000003","000004","RESTAURANTES TOKS SA CV",5812,"Restaurantes",NA,0,"1.8",1.8,"0",0,1.2,"C",1.76,NA,1.15,"TD mayor a CI","No aplica"
8135675,"000003","000004","RESTAURANTES TOKS SA CV",5812,"Restaurantes",NA,0,"1.8",1.8,"0",0,1.2,"C",1.76,NA,1.15,"TD mayor a CI","No aplica"
8136475,"000003","000004","RESTAURANTES TOKS SA CV",5812,"Restaurantes",NA,0,"1.8",1.8,"0",0,1.2,"C",1.76,NA,1.15,"TD mayor a CI","No aplica"
8138067,"000003","000004","RESTAURANTES TOKS SA CV",5812,"Restaurantes",NA,0,"1.8",1.8,"0",0,1.2,"C",1.76,NA,1.15,"TD mayor a CI","No aplica"
8773822,"040030","000001","FARM LEYVA SA CV",5912,"Farmacias",NA,NA,"2.23",2.23,"1.6",1.6,0,"C",1.28,NA,1,"TD mayor a CI","No aplica"
9037227,"700118","000001","UNIV DE XALAPA AC",8220,"Colegios y Universidades",NA,NA,"1.85",1.85,"1.35",1.35,0,"C",1.12,NA,0.75,"TD mayor a CI","No aplica"
9521162,"000003","000004","RESTAURANTES TOKS SA CV",5812,"Restaurantes",NA,0,"1.8",1.8,"0",0,1.2,"C",1.76,NA,1.15,"TD mayor a CI","No aplica"
9521204,"000003","000004","RESTAURANTES TOKS SA CV",5812,"Restaurantes",NA,0,"1.8",1.8,"0",0,1.2,"C",1.76,NA,1.15,"TD mayor a CI","No aplica"
9608423,"046213","000001","ABASTECED DE ACEROS NAY SA CV",5211,"Ventas al detalle (Retail)",NA,NA,"2.38",2.38,"1.75",1.75,0,"C",1.53,NA,1.15,"TD mayor a CI","No aplica"
9638800,"000003","000004","RESTAURANTES TOKS SA CV",5812,"Restaurantes",NA,0,"1.8",1.8,"0",0,1.2,"C",1.76,NA,1.15,"TD mayor a CI","No aplica"
9726795,"000003","000004","RESTAURANTES TOKS SA CV",5812,"Restaurantes",NA,0,"1.8",1.8,"0",0,1.2,"C",1.76,NA,1.15,"TD mayor a CI","No aplica"
9726878,"000003","000004","RESTAURANTES TOKS SA CV",5812,"Restaurantes",NA,0,"1.8",1.8,"0",0,1.2,"C",1.76,NA,1.15,"TD mayor a CI","No aplica"
9727439,"000003","000004","RESTAURANTES TOKS SA CV",5812,"Restaurantes",NA,0,"1.8",1.8,"0",0,1.2,"C",1.76,NA,1.15,"TD mayor a CI","No aplica"
9844317,"000003","000004","RESTAURANTES TOKS SA CV",5812,"Restaurantes",NA,0,"1.8",1.8,"0",0,1.2,"C",1.76,NA,1.15,"TD mayor a CI","No aplica"
9844333,"000003","000004","REST TOKS SA CV",5812,"Restaurantes",NA,0,"1.8",1.8,"0",0,1.2,"C",1.76,NA,1.15,"TD mayor a CI","No aplica"
9844507,"000003","000004","RESTAURANTES TOKS SA CV",5812,"Restaurantes",NA,0,"1.8",1.8,"0",0,1.2,"C",1.76,NA,1.15,"TD mayor a CI","No aplica"
9851296,"000003","000004","RESTAURANTES TOKS SA CV",5812,"Restaurantes",NA,0,"1.8",1.8,"0",0,1.2,"C",1.76,NA,1.15,"TD mayor a CI","No aplica"
9969643,"000003","000004","RESTAURANTES TOKS SA CV",5812,"Restaurantes",NA,0,"1.8",1.8,"0",0,1.2,"C",1.76,NA,1.15,"TD mayor a CI","No aplica"
9970203,"000003","000004","RESTAURANTES TOKS SA CV",5812,"Restaurantes",NA,0,"1.8",1.8,"0",0,1.2,"C",1.76,NA,1.15,"TD mayor a CI","No aplica"
9971367,"000003","000004","RESTAURANTES TOKS SA CV",5812,"Restaurantes",NA,0,"1.8",1.8,"0",0,1.2,"C",1.76,NA,1.15,"TD mayor a CI","No aplica"
9971466,"000003","000004","RESTAURANTES TOKS SA CV",5812,"Restaurantes",NA,0,"1.8",1.8,"0",0,1.2,"C",1.76,NA,1.15,"TD mayor a CI","No aplica"
